event,session_date,time_et,available_at_et,basis,source
FOMC,2023-02-01,14:00,2022-12-31 00:00,scheduled statement day; Fed calendar published in the prior year,https://www.federalreserve.gov/monetarypolicy/fomccalendars.htm
NFP,2023-02-03,08:30,2023-02-03 08:30,actual release date (BLS archive); visible from its 08:30 ET release,https://www.bls.gov/bls/news-release/empsit.htm
CPI,2023-02-14,08:30,2023-02-14 08:30,actual release date (BLS archive); visible from its 08:30 ET release,https://www.bls.gov/bls/news-release/cpi.htm
NFP,2023-03-10,08:30,2023-03-10 08:30,actual release date (BLS archive); visible from its 08:30 ET release,https://www.bls.gov/bls/news-release/empsit.htm
CPI,2023-03-14,08:30,2023-03-14 08:30,actual release date (BLS archive); visible from its 08:30 ET release,https://www.bls.gov/bls/news-release/cpi.htm
FOMC,2023-03-22,14:00,2022-12-31 00:00,scheduled statement day; Fed calendar published in the prior year,https://www.federalreserve.gov/monetarypolicy/fomccalendars.htm
NFP,2023-04-07,08:30,2023-04-07 08:30,actual release date (BLS archive); visible from its 08:30 ET release,https://www.bls.gov/bls/news-release/empsit.htm
CPI,2023-04-12,08:30,2023-04-12 08:30,actual release date (BLS archive); visible from its 08:30 ET release,https://www.bls.gov/bls/news-release/cpi.htm
FOMC,2023-05-03,14:00,2022-12-31 00:00,scheduled statement day; Fed calendar published in the prior year,https://www.federalreserve.gov/monetarypolicy/fomccalendars.htm
NFP,2023-05-05,08:30,2023-05-05 08:30,actual release date (BLS archive); visible from its 08:30 ET release,https://www.bls.gov/bls/news-release/empsit.htm
CPI,2023-05-10,08:30,2023-05-10 08:30,actual release date (BLS archive); visible from its 08:30 ET release,https://www.bls.gov/bls/news-release/cpi.htm
NFP,2023-06-02,08:30,2023-06-02 08:30,actual release date (BLS archive); visible from its 08:30 ET release,https://www.bls.gov/bls/news-release/empsit.htm
CPI,2023-06-13,08:30,2023-06-13 08:30,actual release date (BLS archive); visible from its 08:30 ET release,https://www.bls.gov/bls/news-release/cpi.htm
FOMC,2023-06-14,14:00,2022-12-31 00:00,scheduled statement day; Fed calendar published in the prior year,https://www.federalreserve.gov/monetarypolicy/fomccalendars.htm
NFP,2023-07-07,08:30,2023-07-07 08:30,actual release date (BLS archive); visible from its 08:30 ET release,https://www.bls.gov/bls/news-release/empsit.htm
CPI,2023-07-12,08:30,2023-07-12 08:30,actual release date (BLS archive); visible from its 08:30 ET release,https://www.bls.gov/bls/news-release/cpi.htm
FOMC,2023-07-26,14:00,2022-12-31 00:00,scheduled statement day; Fed calendar published in the prior year,https://www.federalreserve.gov/monetarypolicy/fomccalendars.htm
NFP,2023-08-04,08:30,2023-08-04 08:30,actual release date (BLS archive); visible from its 08:30 ET release,https://www.bls.gov/bls/news-release/empsit.htm
CPI,2023-08-10,08:30,2023-08-10 08:30,actual release date (BLS archive); visible from its 08:30 ET release,https://www.bls.gov/bls/news-release/cpi.htm
NFP,2023-09-01,08:30,2023-09-01 08:30,actual release date (BLS archive); visible from its 08:30 ET release,https://www.bls.gov/bls/news-release/empsit.htm
CPI,2023-09-13,08:30,2023-09-13 08:30,actual release date (BLS archive); visible from its 08:30 ET release,https://www.bls.gov/bls/news-release/cpi.htm
FOMC,2023-09-20,14:00,2022-12-31 00:00,scheduled statement day; Fed calendar published in the prior year,https://www.federalreserve.gov/monetarypolicy/fomccalendars.htm
NFP,2023-10-06,08:30,2023-10-06 08:30,actual release date (BLS archive); visible from its 08:30 ET release,https://www.bls.gov/bls/news-release/empsit.htm
CPI,2023-10-12,08:30,2023-10-12 08:30,actual release date (BLS archive); visible from its 08:30 ET release,https://www.bls.gov/bls/news-release/cpi.htm
FOMC,2023-11-01,14:00,2022-12-31 00:00,scheduled statement day; Fed calendar published in the prior year,https://www.federalreserve.gov/monetarypolicy/fomccalendars.htm
NFP,2023-11-03,08:30,2023-11-03 08:30,actual release date (BLS archive); visible from its 08:30 ET release,https://www.bls.gov/bls/news-release/empsit.htm
CPI,2023-11-14,08:30,2023-11-14 08:30,actual release date (BLS archive); visible from its 08:30 ET release,https://www.bls.gov/bls/news-release/cpi.htm
NFP,2023-12-08,08:30,2023-12-08 08:30,actual release date (BLS archive); visible from its 08:30 ET release,https://www.bls.gov/bls/news-release/empsit.htm
CPI,2023-12-12,08:30,2023-12-12 08:30,actual release date (BLS archive); visible from its 08:30 ET release,https://www.bls.gov/bls/news-release/cpi.htm
FOMC,2023-12-13,14:00,2022-12-31 00:00,scheduled statement day; Fed calendar published in the prior year,https://www.federalreserve.gov/monetarypolicy/fomccalendars.htm
NFP,2024-01-05,08:30,2024-01-05 08:30,actual release date (BLS archive); visible from its 08:30 ET release,https://www.bls.gov/bls/news-release/empsit.htm
CPI,2024-01-11,08:30,2024-01-11 08:30,actual release date (BLS archive); visible from its 08:30 ET release,https://www.bls.gov/bls/news-release/cpi.htm
FOMC,2024-01-31,14:00,2023-12-31 00:00,scheduled statement day; Fed calendar published in the prior year,https://www.federalreserve.gov/monetarypolicy/fomccalendars.htm
NFP,2024-02-02,08:30,2024-02-02 08:30,actual release date (BLS archive); visible from its 08:30 ET release,https://www.bls.gov/bls/news-release/empsit.htm
CPI,2024-02-13,08:30,2024-02-13 08:30,actual release date (BLS archive); visible from its 08:30 ET release,https://www.bls.gov/bls/news-release/cpi.htm
NFP,2024-03-08,08:30,2024-03-08 08:30,actual release date (BLS archive); visible from its 08:30 ET release,https://www.bls.gov/bls/news-release/empsit.htm
CPI,2024-03-12,08:30,2024-03-12 08:30,actual release date (BLS archive); visible from its 08:30 ET release,https://www.bls.gov/bls/news-release/cpi.htm
FOMC,2024-03-20,14:00,2023-12-31 00:00,scheduled statement day; Fed calendar published in the prior year,https://www.federalreserve.gov/monetarypolicy/fomccalendars.htm
NFP,2024-04-05,08:30,2024-04-05 08:30,actual release date (BLS archive); visible from its 08:30 ET release,https://www.bls.gov/bls/news-release/empsit.htm
CPI,2024-04-10,08:30,2024-04-10 08:30,actual release date (BLS archive); visible from its 08:30 ET release,https://www.bls.gov/bls/news-release/cpi.htm
FOMC,2024-05-01,14:00,2023-12-31 00:00,scheduled statement day; Fed calendar published in the prior year,https://www.federalreserve.gov/monetarypolicy/fomccalendars.htm
NFP,2024-05-03,08:30,2024-05-03 08:30,actual release date (BLS archive); visible from its 08:30 ET release,https://www.bls.gov/bls/news-release/empsit.htm
CPI,2024-05-15,08:30,2024-05-15 08:30,actual release date (BLS archive); visible from its 08:30 ET release,https://www.bls.gov/bls/news-release/cpi.htm
NFP,2024-06-07,08:30,2024-06-07 08:30,actual release date (BLS archive); visible from its 08:30 ET release,https://www.bls.gov/bls/news-release/empsit.htm
CPI,2024-06-12,08:30,2024-06-12 08:30,actual release date (BLS archive); visible from its 08:30 ET release,https://www.bls.gov/bls/news-release/cpi.htm
FOMC,2024-06-12,14:00,2023-12-31 00:00,scheduled statement day; Fed calendar published in the prior year,https://www.federalreserve.gov/monetarypolicy/fomccalendars.htm
NFP,2024-07-05,08:30,2024-07-05 08:30,actual release date (BLS archive); visible from its 08:30 ET release,https://www.bls.gov/bls/news-release/empsit.htm
CPI,2024-07-11,08:30,2024-07-11 08:30,actual release date (BLS archive); visible from its 08:30 ET release,https://www.bls.gov/bls/news-release/cpi.htm
FOMC,2024-07-31,14:00,2023-12-31 00:00,scheduled statement day; Fed calendar published in the prior year,https://www.federalreserve.gov/monetarypolicy/fomccalendars.htm
NFP,2024-08-02,08:30,2024-08-02 08:30,actual release date (BLS archive); visible from its 08:30 ET release,https://www.bls.gov/bls/news-release/empsit.htm
CPI,2024-08-14,08:30,2024-08-14 08:30,actual release date (BLS archive); visible from its 08:30 ET release,https://www.bls.gov/bls/news-release/cpi.htm
NFP,2024-09-06,08:30,2024-09-06 08:30,actual release date (BLS archive); visible from its 08:30 ET release,https://www.bls.gov/bls/news-release/empsit.htm
CPI,2024-09-11,08:30,2024-09-11 08:30,actual release date (BLS archive); visible from its 08:30 ET release,https://www.bls.gov/bls/news-release/cpi.htm
FOMC,2024-09-18,14:00,2023-12-31 00:00,scheduled statement day; Fed calendar published in the prior year,https://www.federalreserve.gov/monetarypolicy/fomccalendars.htm
NFP,2024-10-04,08:30,2024-10-04 08:30,actual release date (BLS archive); visible from its 08:30 ET release,https://www.bls.gov/bls/news-release/empsit.htm
CPI,2024-10-10,08:30,2024-10-10 08:30,actual release date (BLS archive); visible from its 08:30 ET release,https://www.bls.gov/bls/news-release/cpi.htm
NFP,2024-11-01,08:30,2024-11-01 08:30,actual release date (BLS archive); visible from its 08:30 ET release,https://www.bls.gov/bls/news-release/empsit.htm
FOMC,2024-11-07,14:00,2023-12-31 00:00,scheduled statement day; Fed calendar published in the prior year,https://www.federalreserve.gov/monetarypolicy/fomccalendars.htm
CPI,2024-11-13,08:30,2024-11-13 08:30,actual release date (BLS archive); visible from its 08:30 ET release,https://www.bls.gov/bls/news-release/cpi.htm
NFP,2024-12-06,08:30,2024-12-06 08:30,actual release date (BLS archive); visible from its 08:30 ET release,https://www.bls.gov/bls/news-release/empsit.htm
CPI,2024-12-11,08:30,2024-12-11 08:30,actual release date (BLS archive); visible from its 08:30 ET release,https://www.bls.gov/bls/news-release/cpi.htm
FOMC,2024-12-18,14:00,2023-12-31 00:00,scheduled statement day; Fed calendar published in the prior year,https://www.federalreserve.gov/monetarypolicy/fomccalendars.htm
NFP,2025-01-10,08:30,2025-01-10 08:30,actual release date (BLS archive); visible from its 08:30 ET release,https://www.bls.gov/bls/news-release/empsit.htm
CPI,2025-01-15,08:30,2025-01-15 08:30,actual release date (BLS archive); visible from its 08:30 ET release,https://www.bls.gov/bls/news-release/cpi.htm
FOMC,2025-01-29,14:00,2024-12-31 00:00,scheduled statement day; Fed calendar published in the prior year,https://www.federalreserve.gov/monetarypolicy/fomccalendars.htm
NFP,2025-02-07,08:30,2025-02-07 08:30,actual release date (BLS archive); visible from its 08:30 ET release,https://www.bls.gov/bls/news-release/empsit.htm
CPI,2025-02-12,08:30,2025-02-12 08:30,actual release date (BLS archive); visible from its 08:30 ET release,https://www.bls.gov/bls/news-release/cpi.htm
NFP,2025-03-07,08:30,2025-03-07 08:30,actual release date (BLS archive); visible from its 08:30 ET release,https://www.bls.gov/bls/news-release/empsit.htm
CPI,2025-03-12,08:30,2025-03-12 08:30,actual release date (BLS archive); visible from its 08:30 ET release,https://www.bls.gov/bls/news-release/cpi.htm
FOMC,2025-03-19,14:00,2024-12-31 00:00,scheduled statement day; Fed calendar published in the prior year,https://www.federalreserve.gov/monetarypolicy/fomccalendars.htm
NFP,2025-04-04,08:30,2025-04-04 08:30,actual release date (BLS archive); visible from its 08:30 ET release,https://www.bls.gov/bls/news-release/empsit.htm
CPI,2025-04-10,08:30,2025-04-10 08:30,actual release date (BLS archive); visible from its 08:30 ET release,https://www.bls.gov/bls/news-release/cpi.htm
NFP,2025-05-02,08:30,2025-05-02 08:30,actual release date (BLS archive); visible from its 08:30 ET release,https://www.bls.gov/bls/news-release/empsit.htm
FOMC,2025-05-07,14:00,2024-12-31 00:00,scheduled statement day; Fed calendar published in the prior year,https://www.federalreserve.gov/monetarypolicy/fomccalendars.htm
CPI,2025-05-13,08:30,2025-05-13 08:30,actual release date (BLS archive); visible from its 08:30 ET release,https://www.bls.gov/bls/news-release/cpi.htm
NFP,2025-06-06,08:30,2025-06-06 08:30,actual release date (BLS archive); visible from its 08:30 ET release,https://www.bls.gov/bls/news-release/empsit.htm
CPI,2025-06-11,08:30,2025-06-11 08:30,actual release date (BLS archive); visible from its 08:30 ET release,https://www.bls.gov/bls/news-release/cpi.htm
FOMC,2025-06-18,14:00,2024-12-31 00:00,scheduled statement day; Fed calendar published in the prior year,https://www.federalreserve.gov/monetarypolicy/fomccalendars.htm
NFP,2025-07-03,08:30,2025-07-03 08:30,actual release date (BLS archive); visible from its 08:30 ET release,https://www.bls.gov/bls/news-release/empsit.htm
CPI,2025-07-15,08:30,2025-07-15 08:30,actual release date (BLS archive); visible from its 08:30 ET release,https://www.bls.gov/bls/news-release/cpi.htm
FOMC,2025-07-30,14:00,2024-12-31 00:00,scheduled statement day; Fed calendar published in the prior year,https://www.federalreserve.gov/monetarypolicy/fomccalendars.htm
NFP,2025-08-01,08:30,2025-08-01 08:30,actual release date (BLS archive); visible from its 08:30 ET release,https://www.bls.gov/bls/news-release/empsit.htm
CPI,2025-08-12,08:30,2025-08-12 08:30,actual release date (BLS archive); visible from its 08:30 ET release,https://www.bls.gov/bls/news-release/cpi.htm
NFP,2025-09-05,08:30,2025-09-05 08:30,actual release date (BLS archive); visible from its 08:30 ET release,https://www.bls.gov/bls/news-release/empsit.htm
CPI,2025-09-11,08:30,2025-09-11 08:30,actual release date (BLS archive); visible from its 08:30 ET release,https://www.bls.gov/bls/news-release/cpi.htm
FOMC,2025-09-17,14:00,2024-12-31 00:00,scheduled statement day; Fed calendar published in the prior year,https://www.federalreserve.gov/monetarypolicy/fomccalendars.htm
CPI,2025-10-24,08:30,2025-10-24 08:30,actual release date (BLS archive); visible from its 08:30 ET release,https://www.bls.gov/bls/news-release/cpi.htm
FOMC,2025-10-29,14:00,2024-12-31 00:00,scheduled statement day; Fed calendar published in the prior year,https://www.federalreserve.gov/monetarypolicy/fomccalendars.htm
NFP,2025-11-20,08:30,2025-11-20 08:30,actual release date (BLS archive); visible from its 08:30 ET release,https://www.bls.gov/bls/news-release/empsit.htm
FOMC,2025-12-10,14:00,2024-12-31 00:00,scheduled statement day; Fed calendar published in the prior year,https://www.federalreserve.gov/monetarypolicy/fomccalendars.htm
NFP,2025-12-16,08:30,2025-12-16 08:30,actual release date (BLS archive); visible from its 08:30 ET release,https://www.bls.gov/bls/news-release/empsit.htm
CPI,2025-12-18,08:30,2025-12-18 08:30,actual release date (BLS archive); visible from its 08:30 ET release,https://www.bls.gov/bls/news-release/cpi.htm
NFP,2026-01-09,08:30,2026-01-09 08:30,actual release date (BLS archive); visible from its 08:30 ET release,https://www.bls.gov/bls/news-release/empsit.htm
CPI,2026-01-13,08:30,2026-01-13 08:30,actual release date (BLS archive); visible from its 08:30 ET release,https://www.bls.gov/bls/news-release/cpi.htm
FOMC,2026-01-28,14:00,2025-12-31 00:00,scheduled statement day; Fed calendar published in the prior year,https://www.federalreserve.gov/monetarypolicy/fomccalendars.htm
NFP,2026-02-11,08:30,2026-02-11 08:30,actual release date (BLS archive); visible from its 08:30 ET release,https://www.bls.gov/bls/news-release/empsit.htm
CPI,2026-02-13,08:30,2026-02-13 08:30,actual release date (BLS archive); visible from its 08:30 ET release,https://www.bls.gov/bls/news-release/cpi.htm
NFP,2026-03-06,08:30,2026-03-06 08:30,actual release date (BLS archive); visible from its 08:30 ET release,https://www.bls.gov/bls/news-release/empsit.htm
CPI,2026-03-11,08:30,2026-03-11 08:30,actual release date (BLS archive); visible from its 08:30 ET release,https://www.bls.gov/bls/news-release/cpi.htm
FOMC,2026-03-18,14:00,2025-12-31 00:00,scheduled statement day; Fed calendar published in the prior year,https://www.federalreserve.gov/monetarypolicy/fomccalendars.htm
NFP,2026-04-03,08:30,2026-04-03 08:30,actual release date (BLS archive); visible from its 08:30 ET release,https://www.bls.gov/bls/news-release/empsit.htm
CPI,2026-04-10,08:30,2026-04-10 08:30,actual release date (BLS archive); visible from its 08:30 ET release,https://www.bls.gov/bls/news-release/cpi.htm
FOMC,2026-04-29,14:00,2025-12-31 00:00,scheduled statement day; Fed calendar published in the prior year,https://www.federalreserve.gov/monetarypolicy/fomccalendars.htm
NFP,2026-05-08,08:30,2026-05-08 08:30,actual release date (BLS archive); visible from its 08:30 ET release,https://www.bls.gov/bls/news-release/empsit.htm
CPI,2026-05-12,08:30,2026-05-12 08:30,actual release date (BLS archive); visible from its 08:30 ET release,https://www.bls.gov/bls/news-release/cpi.htm
NFP,2026-06-05,08:30,2026-06-05 08:30,actual release date (BLS archive); visible from its 08:30 ET release,https://www.bls.gov/bls/news-release/empsit.htm
CPI,2026-06-10,08:30,2026-06-10 08:30,actual release date (BLS archive); visible from its 08:30 ET release,https://www.bls.gov/bls/news-release/cpi.htm
FOMC,2026-06-17,14:00,2025-12-31 00:00,scheduled statement day; Fed calendar published in the prior year,https://www.federalreserve.gov/monetarypolicy/fomccalendars.htm
NFP,2026-07-02,08:30,2026-07-02 08:30,actual release date (BLS archive); visible from its 08:30 ET release,https://www.bls.gov/bls/news-release/empsit.htm
CPI,2026-07-14,08:30,2026-07-14 08:30,actual release date (BLS archive); visible from its 08:30 ET release,https://www.bls.gov/bls/news-release/cpi.htm
FOMC,2026-07-29,14:00,2025-12-31 00:00,scheduled statement day; Fed calendar published in the prior year,https://www.federalreserve.gov/monetarypolicy/fomccalendars.htm
NFP,2026-08-07,08:30,2026-08-07 08:30,actual release date (BLS archive); visible from its 08:30 ET release,https://www.bls.gov/bls/news-release/empsit.htm
CPI,2026-08-12,08:30,2026-08-12 08:30,actual release date (BLS archive); visible from its 08:30 ET release,https://www.bls.gov/bls/news-release/cpi.htm
NFP,2026-09-04,08:30,2026-09-04 08:30,actual release date (BLS archive); visible from its 08:30 ET release,https://www.bls.gov/bls/news-release/empsit.htm
CPI,2026-09-11,08:30,2026-09-11 08:30,actual release date (BLS archive); visible from its 08:30 ET release,https://www.bls.gov/bls/news-release/cpi.htm
FOMC,2026-09-16,14:00,2025-12-31 00:00,scheduled statement day; Fed calendar published in the prior year,https://www.federalreserve.gov/monetarypolicy/fomccalendars.htm
NFP,2026-10-02,08:30,2026-10-02 08:30,actual release date (BLS archive); visible from its 08:30 ET release,https://www.bls.gov/bls/news-release/empsit.htm
FOMC,2026-10-28,14:00,2025-12-31 00:00,scheduled statement day; Fed calendar published in the prior year,https://www.federalreserve.gov/monetarypolicy/fomccalendars.htm
FOMC,2026-12-09,14:00,2025-12-31 00:00,scheduled statement day; Fed calendar published in the prior year,https://www.federalreserve.gov/monetarypolicy/fomccalendars.htm
